Title,Action,Comment
全站募集📢 #留言拿賀卡💌 母親節真心話大冒險挑戰！傳遞你的心中感謝🌷🌷,360,45
房東真的要慎選,2514,271
腸太郎太可愛啦,1958,170
怕被開副本所以先自招,1956,108
我是被阿信摸過頭的女孩（？,939,86
用膠帶通馬桶是真的！！,847,170
現在的台灣越來越亂了...,652,569
能偷看訊息 並非3D touch好嗎==,597,357
弟弟很缺愛嗎？,579,324
林安跟仁哥復合了嗎😍,288,119
阿嬤👵~原來我比你還傳統😝,207,28
網驚！林安仁哥疑似復合,153,58
覺得羨慕,113,71
熊貓發票中獎,102,70
娘親給海鮮控女兒的痛風便當,75,17
有人在玩交友軟體嗎⋯,74,187
幫忙祈福！他爸爸死掉了,57,26
這是傳說中的霸社嗎？（好奇才申請進入的 已退出了）,41,131
大陸用語侵臺,36,64
大家會和兄弟姊妹一起洗澡嗎?,34,88
現在的幼幼台新人,33,11
有人知道IG已讀和看過的差別嗎？,31,27
女權自助餐,30,22
打完疫苗半年 身體長怪東西,26,122
有一個會規劃行程的男友,22,26
你們到底知不知道3D Touch真正的功用啊==,21,7
去中國化，台灣才有未來,20,141
貼圖審核通過了！,19,25
關於zenly-冰棒,18,28
有人有去科博館的琥珀展嗎?,16,2
